Wavelength (nm), Value
409.599, 9032.692000000001
409.941, 10238.8
433.239, 41308.729999999996
433.925, 37255.520000000004
489.127, 16382.89
646.128, 7754.531
647.16, 9150.382
648.364, 8680.98
661.956, 16382.89
674.864, 16382.89
675.208, 15179.384
675.552, 10808.1205
778.749, 6277.856000000002
847.944, 5776.2300000000005